231	Sữa rửa mặt dịu nhẹ
232	Gel rửa mặt kiềm dầu
233	Nước tẩy trang micellar
234	Toner cân bằng da
235	Serum vitamin C sáng da
236	Serum phục hồi da
237	Kem dưỡng ẩm ban đêm
238	Mặt nạ dưỡng ẩm
239	Tẩy tế bào chết dịu nhẹ
240	Kem dưỡng mắt giảm thâm
241	Kem nền lâu trôi
242	Phấn phủ kiềm dầu
243	Son kem lì
244	Mascara dày mi
245	Bút kẻ mắt chống nước
246	Má hồng dạng kem
247	Che khuyết điểm đa năng
248	Bộ cọ trang điểm cơ bản
249	Dầu gội phục hồi tóc
250	Dầu xả suôn mượt
251	Ủ tóc keratin
252	Tinh dầu dưỡng tóc
253	Xịt dưỡng tóc mềm mượt
254	Gel tạo kiểu
255	Serum tóc bóng khỏe
256	Màu nhuộm tóc tại nhà
257	Sữa tắm hương hoa
258	Tẩy tế bào chết body
259	Kem dưỡng thể trắng da
260	Lăn khử mùi
261	Kem dưỡng da tay
262	Kem dưỡng gót chân
263	Son dưỡng môi
264	Kem chống nứt gót
265	Kem chống nắng SPF50
266	Sữa chống nắng dịu nhẹ
267	Xịt chống nắng tiện lợi
268	Chống nắng body
269	Chống nắng nâng tông
270	Nước hoa nữ thanh lịch
271	Nước hoa nam mạnh mẽ
272	Nước hoa unisex
273	Xịt thơm body
274	Set quà nước hoa
275	Kem trị mụn
276	Kem phục hồi da
277	Serum giảm kích ứng
278	Tinh chất làm sáng da
279	Kem dưỡng ẩm sâu
280	Sữa rửa mặt nam
281	Kem dưỡng nam
282	Sáp tạo kiểu tóc nam
283	Lăn khử mùi nam
284	Nước hoa nam cá tính
285	Sữa tắm gội cho bé
286	Kem dưỡng da cho bé
287	Kem chống hăm
288	Kem chăm sóc mẹ bầu
289	Khăn ướt dịu nhẹ
290	Máy rửa mặt mini
291	Máy đẩy tinh chất
292	Máy massage mặt
293	Máy triệt lông
294	Máy sấy tóc
295	Máy uốn tóc
296	Viên uống collagen
297	Vitamin tổng hợp
298	Viên uống đẹp da
299	Viên hỗ trợ tóc móng
300	Viên hỗ trợ giấc ngủ
301	Set dưỡng da cơ bản
302	Set trang điểm cơ bản
303	Set chăm sóc tóc
304	Set chăm sóc cơ thể
305	Set mini travel
306	Tinh chất dưỡng ẩm 1
307	Tinh chất dưỡng ẩm 2
308	Tinh chất dưỡng ẩm 3
309	Tinh chất dưỡng ẩm 4
310	Tinh chất dưỡng ẩm 5
311	Tinh chất dưỡng ẩm 6
312	Tinh chất dưỡng ẩm 7
313	Tinh chất dưỡng ẩm 8
314	Tinh chất dưỡng ẩm 9
315	Tinh chất phục hồi 10
316	Tinh chất phục hồi 11
317	Tinh chất phục hồi 12
318	Tinh chất phục hồi 13
319	Tinh chất phục hồi 14
320	Tinh chất phục hồi 15
321	Tinh chất phục hồi 16
322	Tinh chất phục hồi 17
323	Tinh chất phục hồi 18
324	Kem dưỡng ban ngày 19
325	Kem dưỡng ban ngày 20
326	Kem dưỡng ban ngày 21
327	Kem dưỡng ban ngày 22
328	Kem dưỡng ban ngày 23
329	Kem dưỡng ban ngày 24
330	Kem dưỡng ban ngày 25
331	Kem dưỡng ban ngày 26
332	Kem dưỡng ban ngày 27
333	Kem dưỡng ban đêm 28
334	Kem dưỡng ban đêm 29
335	Kem dưỡng ban đêm 30
336	Kem dưỡng ban đêm 31
337	Kem dưỡng ban đêm 32
338	Kem dưỡng ban đêm 33
339	Kem dưỡng ban đêm 34
340	Kem dưỡng ban đêm 35
341	Kem dưỡng ban đêm 36
342	Gel tẩy tế bào chết 37
343	Gel tẩy tế bào chết 38
344	Gel tẩy tế bào chết 39
345	Gel tẩy tế bào chết 40
