167	Chăm sóc da
168	Sữa rửa mặt
169	Tẩy trang
170	Toner/Nước cân bằng
171	Serum
172	Kem dưỡng
173	Mặt nạ
174	Tẩy tế bào chết
175	Dưỡng mắt
176	Trang điểm
177	Kem nền
178	Phấn phủ
179	Son môi
180	Kẻ mắt
181	Mascara
182	Má hồng
183	Che khuyết điểm
184	Cọ trang điểm
185	Chăm sóc tóc
186	Dầu gội
187	Dầu xả
188	Ủ tóc
189	Tinh dầu dưỡng tóc
190	Xịt dưỡng
191	Tạo kiểu
192	Serum tóc
193	Nhuộm tóc
194	Chăm sóc cơ thể
195	Sữa tắm
196	Tẩy tế bào chết body
197	Dưỡng thể
198	Khử mùi
199	Chăm sóc tay
200	Chăm sóc chân
201	Dưỡng môi
202	Chống nứt gót
203	Chống nắng
204	Kem chống nắng
205	Sữa chống nắng
206	Xịt chống nắng
207	Chống nắng body
208	Chống nắng nâng tông
209	Nước hoa
210	Nước hoa nữ
211	Nước hoa nam
212	Nước hoa unisex
213	Xịt thơm body
214	Set quà nước hoa
215	Dược mỹ phẩm
216	Trị mụn
217	Phục hồi da
218	Giảm kích ứng
219	Làm sáng da
220	Dưỡng ẩm sâu
221	Chăm sóc nam
222	Sữa rửa mặt nam
223	Kem dưỡng nam
224	Tạo kiểu tóc nam
225	Lăn khử mùi nam
226	Nước hoa nam
227	Mẹ & bé
228	Tắm gội cho bé
229	Dưỡng da cho bé
230	Chống hăm
231	Chăm sóc mẹ bầu
232	Khăn ướt
233	Thiết bị làm đẹp
234	Máy rửa mặt
235	Máy đẩy tinh chất
236	Máy massage
237	Máy triệt lông
238	Máy sấy tóc
239	Máy uốn tóc
240	Thực phẩm bổ sung
241	Collagen
242	Vitamin tổng hợp
243	Viên uống đẹp da
244	Hỗ trợ tóc móng
245	Hỗ trợ giấc ngủ
246	Quà tặng & set
247	Set dưỡng da
248	Set trang điểm
249	Set chăm sóc tóc
250	Set cơ thể
251	Set mini travel
